BU,Form/Fragment Name,Form/Fragment Path,Field CSS Class,data-dropdown-json value,Notes
ci,ci-job-function-country-zip-state-city-phone-es,/content/forms/af/spglobal/ci/es/form-fragments/ci-job-function-country-zip-state-city-phone-es,commodity-insights_country,/api/assets/spglobal/commodity-insights/es/form-content-fragments/ci-country-states-cf.json,
ci,ci-job-function-country-zip-state-city-phone-es,/content/forms/af/spglobal/ci/es/form-fragments/ci-job-function-country-zip-state-city-phone-es,commodity-insights_Country_of_Residence__c,/api/assets/spglobal/commodity-insights/es/form-content-fragments/country-of-residence.json,
ci,ci-job-function-country-zip-state-city-phone-es,/content/forms/af/spglobal/ci/es/form-fragments/ci-job-function-country-zip-state-city-phone-es,commodity-insights_industry,/api/assets/spglobal/commodity-insights/es/form-content-fragments/industry.json,
ci,ci-job-function-country-zip-state-city-phone-es,/content/forms/af/spglobal/ci/es/form-fragments/ci-job-function-country-zip-state-city-phone-es,commodity-insights_Job_Function__c,/api/assets/spglobal/commodity-insights/es/form-content-fragments/job-function-cf.json,
ci,country-es,/content/forms/af/spglobal/ci/es/form-fragments/country-es,ci_Country_of_Residence__c,/api/assets/spglobal/commodity-insights/es/form-content-fragments/country-of-residence.json,
ci,business-information,/content/forms/af/spglobal/ci/form-fragments/business-information,commodity-insights_country,data-ci-country-states-cf-servlet,
ci,business-information,/content/forms/af/spglobal/ci/form-fragments/business-information,commodity-insights_Country_of_Residence__c,data-country-of-residence-servlet,
ci,business-information,/content/forms/af/spglobal/ci/form-fragments/business-information,commodity-insights_industry,data-industry-servlet,
ci,business-information,/content/forms/af/spglobal/ci/form-fragments/business-information,commodity-insights_Job_Function__c,data-job-function-servlet,
ci,ci-job-function-country-zip-state-city-phone,/content/forms/af/spglobal/ci/form-fragments/ci-job-function-country-zip-state-city-phone,commodity-insights_country,data-ci-country-states-cf-servlet,
ci,ci-job-function-country-zip-state-city-phone,/content/forms/af/spglobal/ci/form-fragments/ci-job-function-country-zip-state-city-phone,commodity-insights_Country_of_Residence__c,data-country-of-residence-servlet,
ci,ci-job-function-country-zip-state-city-phone,/content/forms/af/spglobal/ci/form-fragments/ci-job-function-country-zip-state-city-phone,commodity-insights_industry,data-industry-servlet,
ci,ci-job-function-country-zip-state-city-phone,/content/forms/af/spglobal/ci/form-fragments/ci-job-function-country-zip-state-city-phone,commodity-insights_Job_Function__c,data-job-function-servlet,
ci,country,/content/forms/af/spglobal/ci/form-fragments/country,ci_country_Of_Residence,/api/assets/spglobal/commodity-insights/en/form-content-fragments/country-of-residence.json,
ci,country-and-phone,/content/forms/af/spglobal/ci/form-fragments/country-and-phone,ci_Country,/api/assets/spglobal/commodity-insights/en/form-content-fragments/country-states-cf.json,
ci,country-and-phone,/content/forms/af/spglobal/ci/form-fragments/country-and-phone,ci_country_Of_Residence,/api/assets/spglobal/commodity-insights/en/form-content-fragments/country-of-residence.json,
ci,job-function-country-zip-state-city-phone,/content/forms/af/spglobal/ci/form-fragments/job-function-country-zip-state-city-phone,ci_country_Of_Residence,/api/assets/spglobal/commodity-insights/en/form-content-fragments/country-of-residence.json,
ci,job-function-country-zip-state-city-phone,/content/forms/af/spglobal/ci/form-fragments/job-function-country-zip-state-city-phone,commodityinsights_country,/api/assets/spglobal/commodity-insights/en/form-content-fragments/country-states-cf1.json,
ci,job-function-country-zip-state-city-phone,/content/forms/af/spglobal/ci/form-fragments/job-function-country-zip-state-city-phone,commodityinsights_jobFunction,/api/assets/spglobal/commodity-insights/en/form-content-fragments/job-function-cf.json,
ci,country,/content/forms/af/spglobal/ci/form-fragments/preference-center/country,ci_country_Of_Residence,/api/assets/spglobal/commodity-insights/en/form-content-fragments/country-of-residence.json,
ci,country-phone,/content/forms/af/spglobal/ci/form-fragments/preference-center/country-phone,ci_Country,/api/assets/spglobal/commodity-insights/en/form-content-fragments/country-states-cf.json,
ci,country-phone,/content/forms/af/spglobal/ci/form-fragments/preference-center/country-phone,ci_country_Of_Residence,/api/assets/spglobal/commodity-insights/en/form-content-fragments/country-of-residence.json,
ci,job-function-country-zip-state-city-phone,/content/forms/af/spglobal/ci/form-fragments/preference-center/job-function-country-zip-state-city-phone,ci_Country,/api/assets/spglobal/commodity-insights/en/form-content-fragments/country-states-cf.json,
ci,job-function-country-zip-state-city-phone,/content/forms/af/spglobal/ci/form-fragments/preference-center/job-function-country-zip-state-city-phone,ci_country_Of_Residence,/api/assets/spglobal/commodity-insights/en/form-content-fragments/country-of-residence.json,
ci,job-function-country-zip-state-city-phone,/content/forms/af/spglobal/ci/form-fragments/preference-center/job-function-country-zip-state-city-phone,ci_jobFunction,/api/assets/spglobal/commodity-insights/en/form-content-fragments/job-function-cf.json,
ci,personal-info,/content/forms/af/spglobal/ci/form-fragments/preference-center/personal-info,commodity-insights_country,data-ci-country-states-cf-servlet,
ci,personal-info,/content/forms/af/spglobal/ci/form-fragments/preference-center/personal-info,commodity-insights_Country_of_Residence__c,data-country-of-residence-servlet,
ci,personal-info,/content/forms/af/spglobal/ci/form-fragments/preference-center/personal-info,commodity-insights_industry,data-industry-servlet,
ci,personal-info,/content/forms/af/spglobal/ci/form-fragments/preference-center/personal-info,commodity-insights_Job_Function__c,data-job-function-servlet,
ci,regulatory-matters-contact-details,/content/forms/af/spglobal/ci/form-fragments/regulatory-matters-contact-details,commodity-insights_country,data-ci-country-states-cf-servlet,
ci,user-form-b,/content/forms/af/spglobal/ci/form-fragments/user-form-b,commodity-insights_country,data-ci-country-states-cf-servlet,
ci,dropdown-test,/content/forms/af/spglobal/ci/forms/dropdown-test,commodityinsights_Job_Function__c,data-job-function-servlet,
ci,moc-form,/content/forms/af/spglobal/ci/forms/moc-form,panel_17495792621730812875662,data-countryregionmarket-servlet,
ci,ci-job-function-country-zip-state-city-phone-ko,/content/forms/af/spglobal/ci/ko/form-fragments/ci-job-function-country-zip-state-city-phone-ko,commodity-insights_country,/api/assets/spglobal/commodity-insights/ko/form-content-fragments/ci-country-states-cf.json,
ci,ci-job-function-country-zip-state-city-phone-ko,/content/forms/af/spglobal/ci/ko/form-fragments/ci-job-function-country-zip-state-city-phone-ko,commodity-insights_Country_of_Residence__c,/api/assets/spglobal/commodity-insights/ko/form-content-fragments/country-of-residence.json,
ci,ci-job-function-country-zip-state-city-phone-ko,/content/forms/af/spglobal/ci/ko/form-fragments/ci-job-function-country-zip-state-city-phone-ko,commodity-insights_industry,/api/assets/spglobal/commodity-insights/ko/form-content-fragments/industry.json,
ci,ci-job-function-country-zip-state-city-phone-ko,/content/forms/af/spglobal/ci/ko/form-fragments/ci-job-function-country-zip-state-city-phone-ko,commodity-insights_Job_Function__c,/api/assets/spglobal/commodity-insights/ko/form-content-fragments/job-function-cf.json,
ci,country-ko,/content/forms/af/spglobal/ci/ko/form-fragments/country-ko,ci_Country_of_Residence__c,/api/assets/spglobal/commodity-insights/ko/form-content-fragments/country-of-residence.json,
ci,ci-job-function-country-zip-state-city-phone-pt,/content/forms/af/spglobal/ci/pt/form-fragments/ci-job-function-country-zip-state-city-phone-pt,commodity-insights_country,/api/assets/spglobal/commodity-insights/pt/form-content-fragments/ci-country-states-cf.json,
ci,ci-job-function-country-zip-state-city-phone-pt,/content/forms/af/spglobal/ci/pt/form-fragments/ci-job-function-country-zip-state-city-phone-pt,commodity-insights_Country_of_Residence__c,/api/assets/spglobal/commodity-insights/pt/form-content-fragments/country-of-residence.json,
ci,ci-job-function-country-zip-state-city-phone-pt,/content/forms/af/spglobal/ci/pt/form-fragments/ci-job-function-country-zip-state-city-phone-pt,commodity-insights_industry,/api/assets/spglobal/commodity-insights/pt/form-content-fragments/industry.json,
ci,ci-job-function-country-zip-state-city-phone-pt,/content/forms/af/spglobal/ci/pt/form-fragments/ci-job-function-country-zip-state-city-phone-pt,commodity-insights_Job_Function__c,/api/assets/spglobal/commodity-insights/pt/form-content-fragments/job-function-cf.json,
ci,country-pt,/content/forms/af/spglobal/ci/pt/form-fragments/country-pt,ci_Country_of_Residence__c,/api/assets/spglobal/commodity-insights/pt/form-content-fragments/country-of-residence.json,
ci,ci-job-function-country-zip-state-city-phone-zh,/content/forms/af/spglobal/ci/zh/form-fragments/ci-job-function-country-zip-state-city-phone-zh,commodity-insights_country,/api/assets/spglobal/commodity-insights/zh/form-content-fragments/ci-country-states-cf.json,
ci,ci-job-function-country-zip-state-city-phone-zh,/content/forms/af/spglobal/ci/zh/form-fragments/ci-job-function-country-zip-state-city-phone-zh,commodity-insights_Country_of_Residence__c,/api/assets/spglobal/commodity-insights/zh/form-content-fragments/country-of-residence.json,
ci,ci-job-function-country-zip-state-city-phone-zh,/content/forms/af/spglobal/ci/zh/form-fragments/ci-job-function-country-zip-state-city-phone-zh,commodity-insights_industry,/api/assets/spglobal/commodity-insights/zh/form-content-fragments/industry.json,
ci,ci-job-function-country-zip-state-city-phone-zh,/content/forms/af/spglobal/ci/zh/form-fragments/ci-job-function-country-zip-state-city-phone-zh,commodity-insights_Job_Function__c,/api/assets/spglobal/commodity-insights/zh/form-content-fragments/job-function-cf.json,
ci,country-zh,/content/forms/af/spglobal/ci/zh/form-fragments/country-zh,ci_Country_of_Residence__c,/api/assets/spglobal/commodity-insights/zh/form-content-fragments/country-of-residence.json,
corporate,sales-company-industry-job,/content/forms/af/spglobal/corporate/form-fragments/check-boxes-fragment/sales-company-industry-job,Corporate_Industry,/api/assets/spglobal/market-intelligence/en/content-fragments/sales-industry-list-cf.json,
corporate,sales-email-name-company,/content/forms/af/spglobal/corporate/form-fragments/check-boxes-fragment/sales-email-name-company,Corporate_complianceCountry,/api/assets/spglobal/market-intelligence/en/content-fragments/country-states-cf.json,
corporate,sales-email-name-company,/content/forms/af/spglobal/corporate/form-fragments/check-boxes-fragment/sales-email-name-company,Corporate_phoneCode,/api/assets/spglobal/market-intelligence/en/content-fragments/country-states-cf.json,
corporate,sales-name-email-company-list,/content/forms/af/spglobal/corporate/form-fragments/check-boxes-fragment/sales-name-email-company-list,Corporate_corpCustomPhoneCountryCode,/api/assets/spglobal/market-intelligence/en/content-fragments/country-states-code-cf.json,
corporate,sales-name-email-company-list,/content/forms/af/spglobal/corporate/form-fragments/check-boxes-fragment/sales-name-email-company-list,Corporate_CountryCode,data-country,
corporate,corporate-form-fragment-contact-us,/content/forms/af/spglobal/corporate/form-fragments/contact-us-for-test/corporate-form-fragment-contact-us,Corporate_Country,/api/assets/forms-dropdown/country-list-cf.json,
corporate,corporate-email-name-company-new,/content/forms/af/spglobal/corporate/form-fragments/corporate-contact-us/corporate-email-name-company-new,Corporate_Country,/api/assets/forms-dropdown/country-list-cf.json,
corporate,corporate-form-fragment-contact-us-new,/content/forms/af/spglobal/corporate/form-fragments/corporate-contact-us/corporate-form-fragment-contact-us-new,Corporate_Country,/api/assets/forms-dropdown/country-list-cf.json,
corporate,country-region,/content/forms/af/spglobal/corporate/form-fragments/corporate-contact-us/country-region,ci_Country_of_Residence__c,/api/assets/spglobal/corporate/en/form-content-fragments/country-of-residence.json,
corporate,country,/content/forms/af/spglobal/corporate/form-fragments/country,ci_country_Of_Residence,/api/assets/spglobal/commodity-insights/en/form-content-fragments/country-of-residence.json,
corporate,daily-update-newsletter-fragment,/content/forms/af/spglobal/corporate/form-fragments/daily-update-newsletter-subscription-request/daily-update-newsletter-fragment,Corporate_country,/api/assets/forms-dropdown/country-list-cf.json,
corporate,email-phone-buy-side-firms,/content/forms/af/spglobal/corporate/form-fragments/email-phone-buy-side-firms,Corporate_corpCustomPhoneCountryCode,/api/assets/spglobal/market-intelligence/en/content-fragments/country-states-code-cf.json,
corporate,email-phone-buy-side-firms,/content/forms/af/spglobal/corporate/form-fragments/email-phone-buy-side-firms,Corporate_CountryCode,data-country,
corporate,Market_motion_FF,/content/forms/af/spglobal/corporate/form-fragments/market_motion/Market_motion_FF,Corporate_Country,/api/assets/forms-dropdown/country-list-cf.json,
corporate,buy-side-daily-update-newsletter-subscription-form,/content/forms/af/spglobal/corporate/form-fragments/market_motion/buy-side-daily-update-newsletter-subscription-form,Corporate_Country,/api/assets/forms-dropdown/country-list-cf.json,
corporate,cco-master-form-fragment,/content/forms/af/spglobal/corporate/form-fragments/market_motion/cco-master-form-fragment,Corporate_Country,/api/assets/forms-dropdown/country-list-cf.json,
corporate,sales-company-industry-job,/content/forms/af/spglobal/corporate/form-fragments/sales-form-fragments/sales-company-industry-job,Corporate_Industry,/api/assets/spglobal/market-intelligence/en/content-fragments/sales-industry-list-cf.json,
corporate,sales-email-name-company,/content/forms/af/spglobal/corporate/form-fragments/sales-form-fragments/sales-email-name-company,Corporate_complianceCountry,/api/assets/spglobal/market-intelligence/en/content-fragments/country-states-cf.json,
corporate,sales-email-name-company,/content/forms/af/spglobal/corporate/form-fragments/sales-form-fragments/sales-email-name-company,Corporate_phoneCode,/api/assets/spglobal/market-intelligence/en/content-fragments/country-states-cf.json,
corporate,sales-name-email-company-list,/content/forms/af/spglobal/corporate/form-fragments/sales-form-fragments/sales-name-email-company-list,Corporate_corpCustomPhoneCountryCode,/api/assets/spglobal/market-intelligence/en/content-fragments/country-states-code-cf.json,
corporate,sales-name-email-company-list,/content/forms/af/spglobal/corporate/form-fragments/sales-form-fragments/sales-name-email-company-list,Corporate_CountryCode,data-country,
corporate,spgi-newsletter-form-fragment,/content/forms/af/spglobal/corporate/form-fragments/spgi-newsletter-subscription/spgi-newsletter-form-fragment,Corporate_country,/api/assets/forms-dropdown/country-list-cf.json,
energy,user-form-b,/content/forms/af/spglobal/energy/en/form-fragments/user-form-b,energy_country,data-ci-country-states-cf-servlet,
energy,ci-job-function-country-zip-state-city-phone-es,/content/forms/af/spglobal/energy/es/form-fragments/ci-job-function-country-zip-state-city-phone-es,energy_country,/api/assets/spglobal/commodity-insights/es/form-content-fragments/ci-country-states-cf.json,
energy,ci-job-function-country-zip-state-city-phone-es,/content/forms/af/spglobal/energy/es/form-fragments/ci-job-function-country-zip-state-city-phone-es,energy_Country_of_Residence__c,/api/assets/spglobal/commodity-insights/es/form-content-fragments/country-of-residence.json,
energy,ci-job-function-country-zip-state-city-phone-es,/content/forms/af/spglobal/energy/es/form-fragments/ci-job-function-country-zip-state-city-phone-es,energy_industry,/api/assets/spglobal/commodity-insights/es/form-content-fragments/industry.json,
energy,ci-job-function-country-zip-state-city-phone-es,/content/forms/af/spglobal/energy/es/form-fragments/ci-job-function-country-zip-state-city-phone-es,energy_Job_Function__c,/api/assets/spglobal/commodity-insights/es/form-content-fragments/job-function-cf.json,
energy,country-es,/content/forms/af/spglobal/energy/es/form-fragments/country-es,ci_Country_of_Residence__c,/api/assets/spglobal/energy/es/form-content-fragments/country-of-residence.json,
energy,business-information,/content/forms/af/spglobal/energy/form-fragments/business-information,energy_country,data-ci-country-states-cf-servlet,
energy,business-information,/content/forms/af/spglobal/energy/form-fragments/business-information,energy_Country_of_Residence__c,data-country-of-residence-servlet,
energy,business-information,/content/forms/af/spglobal/energy/form-fragments/business-information,energy_industry,data-industry-servlet,
energy,business-information,/content/forms/af/spglobal/energy/form-fragments/business-information,energy_Job_Function__c,data-job-function-servlet,
energy,ci-job-function-country-zip-state-city-phone,/content/forms/af/spglobal/energy/form-fragments/ci-job-function-country-zip-state-city-phone,energy_country,data-ci-country-states-cf-servlet,
energy,ci-job-function-country-zip-state-city-phone,/content/forms/af/spglobal/energy/form-fragments/ci-job-function-country-zip-state-city-phone,energy_Country_of_Residence__c,data-country-of-residence-servlet,
energy,ci-job-function-country-zip-state-city-phone,/content/forms/af/spglobal/energy/form-fragments/ci-job-function-country-zip-state-city-phone,energy_industry,data-industry-servlet,
energy,ci-job-function-country-zip-state-city-phone,/content/forms/af/spglobal/energy/form-fragments/ci-job-function-country-zip-state-city-phone,energy_Job_Function__c,data-job-function-servlet,
energy,country,/content/forms/af/spglobal/energy/form-fragments/country,ci_country_Of_Residence,/api/assets/spglobal/energy/en/form-content-fragments/country-of-residence.json,
energy,country-and-phone,/content/forms/af/spglobal/energy/form-fragments/country-and-phone,ci_Country,/api/assets/spglobal/energy/en/form-content-fragments/country-states-cf.json,
energy,country-and-phone,/content/forms/af/spglobal/energy/form-fragments/country-and-phone,ci_country_Of_Residence,/api/assets/spglobal/energy/en/form-content-fragments/country-of-residence.json,
energy,energy-phone-industry-job-function-country-zip-city-business-phone,/content/forms/af/spglobal/energy/form-fragments/energy-phone-industry-job-function-country-zip-city-business-phone,energy_country,data-ci-country-states-cf-servlet,
energy,energy-phone-industry-job-function-country-zip-city-business-phone,/content/forms/af/spglobal/energy/form-fragments/energy-phone-industry-job-function-country-zip-city-business-phone,energy_Country_of_Residence__c,data-country-of-residence-servlet,
energy,energy-phone-industry-job-function-country-zip-city-business-phone,/content/forms/af/spglobal/energy/form-fragments/energy-phone-industry-job-function-country-zip-city-business-phone,energy_industry,data-industry-servlet,
energy,energy-phone-industry-job-function-country-zip-city-business-phone,/content/forms/af/spglobal/energy/form-fragments/energy-phone-industry-job-function-country-zip-city-business-phone,energy_Job_Function__c,data-job-function-servlet,
energy,job-function-country-zip-state-city-phone,/content/forms/af/spglobal/energy/form-fragments/job-function-country-zip-state-city-phone,ci_country_Of_Residence,/api/assets/spglobal/energy/en/form-content-fragments/country-of-residence.json,
energy,job-function-country-zip-state-city-phone,/content/forms/af/spglobal/energy/form-fragments/job-function-country-zip-state-city-phone,commodityinsights_country,/api/assets/spglobal/energy/en/form-content-fragments/country-states-cf1.json,
energy,job-function-country-zip-state-city-phone,/content/forms/af/spglobal/energy/form-fragments/job-function-country-zip-state-city-phone,commodityinsights_jobFunction,/api/assets/spglobal/energy/en/form-content-fragments/job-function-cf.json,
energy,country,/content/forms/af/spglobal/energy/form-fragments/preference-center/country,ci_country_Of_Residence,/api/assets/spglobal/energy/en/form-content-fragments/country-of-residence.json,
energy,country-phone,/content/forms/af/spglobal/energy/form-fragments/preference-center/country-phone,ci_Country,/api/assets/spglobal/energy/en/form-content-fragments/country-states-cf.json,
energy,country-phone,/content/forms/af/spglobal/energy/form-fragments/preference-center/country-phone,ci_country_Of_Residence,/api/assets/spglobal/energy/en/form-content-fragments/country-of-residence.json,
energy,job-function-country-zip-state-city-phone,/content/forms/af/spglobal/energy/form-fragments/preference-center/job-function-country-zip-state-city-phone,ci_Country,/api/assets/spglobal/energy/en/form-content-fragments/country-states-cf.json,
energy,job-function-country-zip-state-city-phone,/content/forms/af/spglobal/energy/form-fragments/preference-center/job-function-country-zip-state-city-phone,ci_country_Of_Residence,/api/assets/spglobal/energy/en/form-content-fragments/country-of-residence.json,
energy,job-function-country-zip-state-city-phone,/content/forms/af/spglobal/energy/form-fragments/preference-center/job-function-country-zip-state-city-phone,ci_jobFunction,/api/assets/spglobal/energy/en/form-content-fragments/job-function-cf.json,
energy,personal-info,/content/forms/af/spglobal/energy/form-fragments/preference-center/personal-info,energy_country,data-ci-country-states-cf-servlet,
energy,personal-info,/content/forms/af/spglobal/energy/form-fragments/preference-center/personal-info,energy_Country_of_Residence__c,data-country-of-residence-servlet,
energy,personal-info,/content/forms/af/spglobal/energy/form-fragments/preference-center/personal-info,energy_industry,data-industry-servlet,
energy,personal-info,/content/forms/af/spglobal/energy/form-fragments/preference-center/personal-info,energy_Job_Function__c,data-job-function-servlet,
energy,regulatory-matters-contact-details,/content/forms/af/spglobal/energy/form-fragments/regulatory-matters-contact-details,energy_country,data-ci-country-states-cf-servlet,
energy,user-form-b,/content/forms/af/spglobal/energy/form-fragments/user-form-b,energy_country,data-ci-country-states-cf-servlet,
energy,dropdown-test,/content/forms/af/spglobal/energy/forms/dropdown-test,commodityinsights_Job_Function__c,data-job-function-servlet,
energy,moc-form,/content/forms/af/spglobal/energy/forms/moc-form,panel_17495792621730812875662,data-countryregionmarket-servlet,
energy,ci-job-function-country-zip-state-city-phone-ko,/content/forms/af/spglobal/energy/ko/form-fragments/ci-job-function-country-zip-state-city-phone-ko,energy_country,/api/assets/spglobal/commodity-insights/ko/form-content-fragments/ci-country-states-cf.json,
energy,ci-job-function-country-zip-state-city-phone-ko,/content/forms/af/spglobal/energy/ko/form-fragments/ci-job-function-country-zip-state-city-phone-ko,energy_Country_of_Residence__c,/api/assets/spglobal/commodity-insights/ko/form-content-fragments/country-of-residence.json,
energy,ci-job-function-country-zip-state-city-phone-ko,/content/forms/af/spglobal/energy/ko/form-fragments/ci-job-function-country-zip-state-city-phone-ko,energy_industry,/api/assets/spglobal/commodity-insights/ko/form-content-fragments/industry.json,
energy,ci-job-function-country-zip-state-city-phone-ko,/content/forms/af/spglobal/energy/ko/form-fragments/ci-job-function-country-zip-state-city-phone-ko,energy_Job_Function__c,/api/assets/spglobal/commodity-insights/ko/form-content-fragments/job-function-cf.json,
energy,country-ko,/content/forms/af/spglobal/energy/ko/form-fragments/country-ko,ci_Country_of_Residence__c,/api/assets/spglobal/energy/ko/form-content-fragments/country-of-residence.json,
energy,ci-job-function-country-zip-state-city-phone-pt,/content/forms/af/spglobal/energy/pt/form-fragments/ci-job-function-country-zip-state-city-phone-pt,energy_country,/api/assets/spglobal/commodity-insights/pt/form-content-fragments/ci-country-states-cf.json,
energy,ci-job-function-country-zip-state-city-phone-pt,/content/forms/af/spglobal/energy/pt/form-fragments/ci-job-function-country-zip-state-city-phone-pt,energy_Country_of_Residence__c,/api/assets/spglobal/commodity-insights/pt/form-content-fragments/country-of-residence.json,
energy,ci-job-function-country-zip-state-city-phone-pt,/content/forms/af/spglobal/energy/pt/form-fragments/ci-job-function-country-zip-state-city-phone-pt,energy_industry,/api/assets/spglobal/commodity-insights/pt/form-content-fragments/industry.json,
energy,ci-job-function-country-zip-state-city-phone-pt,/content/forms/af/spglobal/energy/pt/form-fragments/ci-job-function-country-zip-state-city-phone-pt,energy_Job_Function__c,/api/assets/spglobal/commodity-insights/pt/form-content-fragments/job-function-cf.json,
energy,country-pt,/content/forms/af/spglobal/energy/pt/form-fragments/country-pt,ci_Country_of_Residence__c,/api/assets/spglobal/energy/pt/form-content-fragments/country-of-residence.json,
energy,ci-job-function-country-zip-state-city-phone-zh,/content/forms/af/spglobal/energy/zh/form-fragments/ci-job-function-country-zip-state-city-phone-zh,energy_country,/api/assets/spglobal/commodity-insights/zh/form-content-fragments/ci-country-states-cf.json,
energy,ci-job-function-country-zip-state-city-phone-zh,/content/forms/af/spglobal/energy/zh/form-fragments/ci-job-function-country-zip-state-city-phone-zh,energy_Country_of_Residence__c,/api/assets/spglobal/commodity-insights/zh/form-content-fragments/country-of-residence.json,
energy,ci-job-function-country-zip-state-city-phone-zh,/content/forms/af/spglobal/energy/zh/form-fragments/ci-job-function-country-zip-state-city-phone-zh,energy_industry,/api/assets/spglobal/commodity-insights/zh/form-content-fragments/industry.json,
energy,ci-job-function-country-zip-state-city-phone-zh,/content/forms/af/spglobal/energy/zh/form-fragments/ci-job-function-country-zip-state-city-phone-zh,energy_Job_Function__c,/api/assets/spglobal/commodity-insights/zh/form-content-fragments/job-function-cf.json,
energy,country-zh,/content/forms/af/spglobal/energy/zh/form-fragments/country-zh,ci_Country_of_Residence__c,/api/assets/spglobal/energy/zh/form-content-fragments/country-of-residence.json,
mi,compliants,/content/forms/af/spglobal/mi/en/form-fragment/MIcompliants/compliants,market-intelligence_complianceCountry,/api/assets/spglobal/market-intelligence/en/content-fragments/country-states-cf.json,
mi,company-types,/content/forms/af/spglobal/mi/en/form-fragment/company-types,market-intelligence_Company_Type1__c,/api/assets/spglobal/market-intelligence/en/content-fragments/company-type-job-function-mi-cf.json,
mi,country-state,/content/forms/af/spglobal/mi/en/form-fragment/country-state,market-intelligence_complianceCountry,/api/assets/spglobal/market-intelligence/en/content-fragments/country-states-cf.json,
mi,country-state-city,/content/forms/af/spglobal/mi/en/form-fragment/country-state-city,market-intelligence_complianceCountry,/api/assets/spglobal/market-intelligence/en/content-fragments/country-states-cf.json,
mi,ilevel-industry-job-function,/content/forms/af/spglobal/mi/en/form-fragment/custom-industry-fragments/ilevel-industry-job-function,market-intelligence_Company_Type1__c,/api/assets/spglobal/market-intelligence/en/content-fragments/company-type-job-function-mi-cf-ilevel.json,
mi,email-name-company-essential-intelligence-delivered,/content/forms/af/spglobal/mi/en/form-fragment/essential-intelligence-delivered/email-name-company-essential-intelligence-delivered,market-intelligence_Company_Type1__c,/api/assets/spglobal/market-intelligence/en/content-fragments/company-type-job-function-mi-cf.json,
mi,email-name-company-essential-intelligence-delivered,/content/forms/af/spglobal/mi/en/form-fragment/essential-intelligence-delivered/email-name-company-essential-intelligence-delivered,market-intelligence_complianceCountry,/api/assets/spglobal/market-intelligence/en/content-fragments/country-states-cf.json,
mi,industry-function,/content/forms/af/spglobal/mi/en/form-fragment/industry-function,market-intelligence_Company_Type1__c,/api/assets/spglobal/market-intelligence/en/content-fragments/company-type-job-function-mi-cf.json,
mi,email-name-company-newsletter-hub,/content/forms/af/spglobal/mi/en/form-fragment/newsletter-hub-form/email-name-company-newsletter-hub,market-intelligence_complianceCountry,/api/assets/spglobal/market-intelligence/en/content-fragments/country-states-cf.json,
mi,private-market-industry-function,/content/forms/af/spglobal/mi/en/form-fragment/private-market-industry-function,market-intelligence_Company_Type1__c,/api/assets/spglobal/market-intelligence/en/content-fragments/industry-private-markets.json,
mi,product-info,/content/forms/af/spglobal/mi/en/form-fragment/product-info,market-intelligence_sPProductServiceInterestsCategory,/api/assets/spglobal/market-intelligence/en/content-fragments/critical-business-cf-mi.json,
mi,country-state,/content/forms/af/spglobal/mi/es/form-fragments/country-state,market-intelligence_complianceCountry,/api/assets/spglobal/market-intelligence/en/content-fragments/country-states-cf.json,
mi,country-state-city,/content/forms/af/spglobal/mi/es/form-fragments/country-state-city,market-intelligence_complianceCountry,/api/assets/spglobal/market-intelligence/en/content-fragments/country-states-cf.json,
mi,industry-function,/content/forms/af/spglobal/mi/es/form-fragments/industry-function,market-intelligence_Company_Type1__c,/api/assets/spglobal/market-intelligence/en/content-fragments/company-type-job-function-mi-cf.json,
mi,product-info,/content/forms/af/spglobal/mi/es/form-fragments/product-info,market-intelligence_sPProductServiceInterestsCategory,/api/assets/spglobal/market-intelligence/en/content-fragments/critical-business-cf-mi.json,
mi,mi-form-fragment-section-b,/content/forms/af/spglobal/mi/hi/form-fragment/mi-form-fragment-section-b,marketintelligence_CompanyType,/api/assets/spglobal/market-intelligence/en/content-fragments/company-type-job-function-mi-cf.json,
mi,mi-form-fragment-section-b,/content/forms/af/spglobal/mi/hi/form-fragment/mi-form-fragment-section-b,marketintelligence_criticalBusiness,/api/assets/spglobal/market-intelligence/en/content-fragments/critical-business-cf-mi.json,
mi,mi-form-fragment-section-c,/content/forms/af/spglobal/mi/hi/form-fragment/mi-form-fragment-section-c,marketintelligence_country,/api/assets/spglobal/market-intelligence/en/content-fragments/country-states-cf.json,
mi,mi-form-fragment-section-b-ja,/content/forms/af/spglobal/mi/ja/form-fragment/mi-form-fragment-section-b-ja,marketintelligence_CompanyType,/api/assets/spglobal/market-intelligence/en/content-fragments/company-type-job-function-mi-cf.json,
mi,mi-form-fragment-section-b-ja,/content/forms/af/spglobal/mi/ja/form-fragment/mi-form-fragment-section-b-ja,marketintelligence_criticalBusiness,/api/assets/spglobal/market-intelligence/en/content-fragments/critical-business-cf-mi.json,
mi,mi-form-fragment-section-c-ja,/content/forms/af/spglobal/mi/ja/form-fragment/mi-form-fragment-section-c-ja,marketintelligence_country,/api/assets/spglobal/market-intelligence/en/content-fragments/country-states-cf.json,
mi,country-state,/content/forms/af/spglobal/mi/jp/form-fragments/country-state,market-intelligence_complianceCountry,/api/assets/spglobal/market-intelligence/en/content-fragments/country-states-cf.json,
mi,country-state-city,/content/forms/af/spglobal/mi/jp/form-fragments/country-state-city,market-intelligence_complianceCountry,/api/assets/spglobal/market-intelligence/en/content-fragments/country-states-cf.json,
mi,industry-function,/content/forms/af/spglobal/mi/jp/form-fragments/industry-function,market-intelligence_Company_Type1__c,/api/assets/spglobal/market-intelligence/en/content-fragments/company-type-job-function-mi-cf.json,
mi,product-info,/content/forms/af/spglobal/mi/jp/form-fragments/product-info,market-intelligence_sPProductServiceInterestsCategory,/api/assets/spglobal/market-intelligence/en/content-fragments/critical-business-cf-mi.json,
mi,country-state,/content/forms/af/spglobal/mi/ko/form-fragments/country-state,market-intelligence_complianceCountry,/api/assets/spglobal/market-intelligence/en/content-fragments/country-states-cf.json,
mi,country-state-city,/content/forms/af/spglobal/mi/ko/form-fragments/country-state-city,market-intelligence_complianceCountry,/api/assets/spglobal/market-intelligence/en/content-fragments/country-states-cf.json,
mi,industry-function,/content/forms/af/spglobal/mi/ko/form-fragments/industry-function,market-intelligence_Company_Type1__c,/api/assets/spglobal/market-intelligence/en/content-fragments/company-type-job-function-mi-cf.json,
mi,product-info,/content/forms/af/spglobal/mi/ko/form-fragments/product-info,market-intelligence_sPProductServiceInterestsCategory,/api/assets/spglobal/market-intelligence/en/content-fragments/critical-business-cf-mi.json,
mi,country-state,/content/forms/af/spglobal/mi/pt/form-fragments/country-state,market-intelligence_complianceCountry,/api/assets/spglobal/market-intelligence/en/content-fragments/country-states-cf.json,
mi,country-state-city,/content/forms/af/spglobal/mi/pt/form-fragments/country-state-city,market-intelligence_complianceCountry,/api/assets/spglobal/market-intelligence/en/content-fragments/country-states-cf.json,
mi,industry-function,/content/forms/af/spglobal/mi/pt/form-fragments/industry-function,market-intelligence_Company_Type1__c,/api/assets/spglobal/market-intelligence/en/content-fragments/company-type-job-function-mi-cf.json,
mi,product-info,/content/forms/af/spglobal/mi/pt/form-fragments/product-info,market-intelligence_sPProductServiceInterestsCategory,/api/assets/spglobal/market-intelligence/en/content-fragments/critical-business-cf-mi.json,
mi,country-state,/content/forms/af/spglobal/mi/zh/form-fragments/country-state,market-intelligence_complianceCountry,/api/assets/spglobal/market-intelligence/en/content-fragments/country-states-cf.json,
mi,country-state-city,/content/forms/af/spglobal/mi/zh/form-fragments/country-state-city,market-intelligence_complianceCountry,/api/assets/spglobal/market-intelligence/en/content-fragments/country-states-cf.json,
mi,industry-function,/content/forms/af/spglobal/mi/zh/form-fragments/industry-function,market-intelligence_Company_Type1__c,/api/assets/spglobal/market-intelligence/en/content-fragments/company-type-job-function-mi-cf.json,
mi,product-info,/content/forms/af/spglobal/mi/zh/form-fragments/product-info,market-intelligence_sPProductServiceInterestsCategory,/api/assets/spglobal/market-intelligence/en/content-fragments/critical-business-cf-mi.json,
mobility,ai-form-fragment-ati-section-b,/content/forms/af/spglobal/mobility/automotive-insights-v2/form-fragment/ai-form-fragment-ati-section-b,automotive-insights_Industry,/api/assets/spglobal/mobility/en/automotive-insights/content-fragments/company-type-job-function-miqs-cf.json,
mobility,ai-form-fragment-section-b---contact-data-expert,/content/forms/af/spglobal/mobility/automotive-insights-v2/form-fragment/ai-form-fragment-section-b---contact-data-expert,automotive-insights_Industry,/api/assets/spglobal/mobility/en/automotive-insights/content-fragments/company-type-job-function-miqs-cf.json,
mobility,ai-form-fragment-section-b---contact-scenario-planning,/content/forms/af/spglobal/mobility/automotive-insights-v2/form-fragment/ai-form-fragment-section-b---contact-scenario-planning,automotive-insights_Industry,/api/assets/spglobal/mobility/en/automotive-insights/content-fragments/company-type-job-function-miqs-cf.json,
mobility,ai-form-fragment-section-b---download-data-sample,/content/forms/af/spglobal/mobility/automotive-insights-v2/form-fragment/ai-form-fragment-section-b---download-data-sample,automotive-insights_Industry,/api/assets/spglobal/mobility/en/automotive-insights/content-fragments/company-type-job-function-miqs-cf.json,
mobility,ai-form-fragment-section-b---subscription-hub,/content/forms/af/spglobal/mobility/automotive-insights-v2/form-fragment/ai-form-fragment-section-b---subscription-hub,automotive-insights_Industry,/api/assets/spglobal/mobility/en/automotive-insights/content-fragments/company-type-job-function-miqs-cf.json,
mobility,ai-form-fragment-section-c,/content/forms/af/spglobal/mobility/automotive-insights-v2/form-fragment/ai-form-fragment-section-c,automotive-insights_Country,/api/assets/spglobal/mobility/en/automotive-insights/content-fragments/country-states-cf.json,
mobility,automotive-insights-tti-form,/content/forms/af/spglobal/mobility/automotive-insights-v2/form-fragment/automotive-insights-tti-form,automotive-insights_Country,/api/assets/spglobal/mobility/en/automotive-insights/content-fragments/country-states-cf.json,
mobility,automotive-insights-tti-form,/content/forms/af/spglobal/mobility/automotive-insights-v2/form-fragment/automotive-insights-tti-form,automotive-insights_Industry,/api/assets/spglobal/mobility/en/automotive-insights/content-fragments/company-type-job-function-miqs-cf.json,
mobility,ai-form-fragment-section-b---contact-data-expert,/content/forms/af/spglobal/mobility/automotive-insights/form-fargment/ai-form-fragment-section-b---contact-data-expert,market-intelligence_Industry,/api/assets/spglobal/mobility/en/automotive-insights/content-fragments/company-type-job-function-miqs-cf.json,
mobility,ai-form-fragment-section-b---download-data-sample,/content/forms/af/spglobal/mobility/automotive-insights/form-fargment/ai-form-fragment-section-b---download-data-sample,market-intelligence_Industry,/api/assets/spglobal/mobility/en/automotive-insights/content-fragments/company-type-job-function-miqs-cf.json,
mobility,miqs-form-fragment-section-c,/content/forms/af/spglobal/mobility/automotive-insights/form-fargment/miqs-form-fragment-section-c,market-intelligence_Country,/api/assets/spglobal/mobility/en/automotive-insights/content-fragments/country-states-cf.json,
ratings,personal-info,/content/forms/af/spglobal/ratings/en/form-fragments/dj-ratings-forms-fragment/personal-info,ratings_country,data-ratings-country-state-cf-servlet,
ratings,personal-info,/content/forms/af/spglobal/ratings/en/form-fragments/dj-ratings-forms-fragment/personal-info,ratings_Customer_Expertise__c,data-ratings-sector-expertise-cf-servlet,
ratings,personal-info,/content/forms/af/spglobal/ratings/en/form-fragments/dj-ratings-forms-fragment/personal-info,ratings_Customer_Segment__c,data-ratings-role-function-cf-servlet,
ratings,personal-info-registration,/content/forms/af/spglobal/ratings/en/form-fragments/dj-ratings-forms-fragment/personal-info-registration,ratings_country,data-ratings-country-state-cf-servlet,
ratings,personal-info-registration,/content/forms/af/spglobal/ratings/en/form-fragments/dj-ratings-forms-fragment/personal-info-registration,ratings_Customer_Expertise__c,data-ratings-sector-expertise-cf-servlet,
ratings,personal-info-registration,/content/forms/af/spglobal/ratings/en/form-fragments/dj-ratings-forms-fragment/personal-info-registration,ratings_Customer_Segment__c,data-ratings-role-function-cf-servlet,
ratings,personal-info,/content/forms/af/spglobal/ratings/en/form-fragments/marketoformsfragments/personal-info,ratings_country,data-ratings-country-state-cf-servlet,
ratings,personal-info,/content/forms/af/spglobal/ratings/en/form-fragments/marketoformsfragments/personal-info,ratings_Customer_Segment__c,data-ratings-role-function-cf-servlet,
ratings,personal-info,/content/forms/af/spglobal/ratings/en/form-fragments/marketoformsfragments/personal-info,ratings_Sector_Expertise__c,data-ratings-sector-expertise-cf-servlet,
ratings,registration,/content/forms/af/spglobal/ratings/en/form-fragments/marketoformsfragments/registration,ratings_country,data-ratings-country-state-cf-servlet,
ratings,registration,/content/forms/af/spglobal/ratings/en/form-fragments/marketoformsfragments/registration,ratings_Customer_Segment__c,data-ratings-role-function-cf-servlet,
ratings,registration,/content/forms/af/spglobal/ratings/en/form-fragments/marketoformsfragments/registration,ratings_Sector_Expertise__c,data-ratings-sector-expertise-cf-servlet,
ratings,personal-info,/content/forms/af/spglobal/ratings/en/form-fragments/personal-info,ratings_country,data-ratings-country-state-cf-servlet,
ratings,personal-info,/content/forms/af/spglobal/ratings/en/form-fragments/personal-info,ratings_Customer_Expertise,data-ratings-sector-expertise-cf-servlet,
ratings,personal-info,/content/forms/af/spglobal/ratings/en/form-fragments/personal-info,ratings_Customer_Segment,data-ratings-role-function-cf-servlet,
ratings,registration,/content/forms/af/spglobal/ratings/en/form-fragments/registration,ratings_country,data-ratings-country-state-cf-servlet,
ratings,registration,/content/forms/af/spglobal/ratings/en/form-fragments/registration,ratings_Customer_Expertise,data-ratings-sector-expertise-cf-servlet,
ratings,registration,/content/forms/af/spglobal/ratings/en/form-fragments/registration,ratings_Customer_Segment,data-ratings-role-function-cf-servlet,
ratings,contact-sales-form,/content/forms/af/spglobal/ratings/en/forms/contact-sales-form,ratings_country,data-ratings-country-state-cf-servlet,
ratings,contact-sales-form,/content/forms/af/spglobal/ratings/en/forms/contact-sales-form,ratings_Customer_Employer_Type__c,data-ratings-institution-type-cf-servlet,
ratings,contact-sales-form,/content/forms/af/spglobal/ratings/en/forms/contact-sales-form,ratings_Customer_Expertise__c,data-ratings-sector-expertise-cf-servlet,
ratings,contact-sales-form,/content/forms/af/spglobal/ratings/en/forms/contact-sales-form,ratings_Customer_Segment__c,data-ratings-role-function-cf-servlet,
ratings,contact-sales-form,/content/forms/af/spglobal/ratings/en/forms/marketoforms/contact-sales-form,ratings_country,data-ratings-country-state-cf-servlet,
ratings,contact-sales-form,/content/forms/af/spglobal/ratings/en/forms/marketoforms/contact-sales-form,ratings_Customer_Employer_Type__c,data-ratings-institution-type-cf-servlet,
ratings,contact-sales-form,/content/forms/af/spglobal/ratings/en/forms/marketoforms/contact-sales-form,ratings_Customer_Segment__c,data-ratings-role-function-cf-servlet,
ratings,contact-sales-form,/content/forms/af/spglobal/ratings/en/forms/marketoforms/contact-sales-form,ratings_Sector_Expertise__c,data-ratings-sector-expertise-cf-servlet,
ratings,content-protector,/content/forms/af/spglobal/ratings/en/forms/marketoforms/content-protector,ratings_country,data-ratings-country-state-cf-servlet,
ratings,credit-ratings-contact-sales-form,/content/forms/af/spglobal/ratings/en/forms/marketoforms/credit-ratings-contact-sales-form,ratings_country,data-ratings-country-state-cf-servlet,
ratings,credit-ratings-contact-sales-form,/content/forms/af/spglobal/ratings/en/forms/marketoforms/credit-ratings-contact-sales-form,ratings_Customer_Employer_Type__c,data-ratings-institution-type-cf-servlet,
ratings,credit-ratings-contact-sales-form,/content/forms/af/spglobal/ratings/en/forms/marketoforms/credit-ratings-contact-sales-form,ratings_Customer_Segment__c,data-ratings-role-function-cf-servlet,
ratings,credit-ratings-contact-sales-form,/content/forms/af/spglobal/ratings/en/forms/marketoforms/credit-ratings-contact-sales-form,ratings_Sector_Expertise__c,data-ratings-sector-expertise-cf-servlet,
ratings,res-contact-sales-form,/content/forms/af/spglobal/ratings/en/forms/marketoforms/res-contact-sales-form,ratings_country,data-ratings-country-state-cf-servlet,
ratings,res-contact-sales-form,/content/forms/af/spglobal/ratings/en/forms/marketoforms/res-contact-sales-form,ratings_Customer_Employer_Type__c,data-ratings-institution-type-cf-servlet,
ratings,res-contact-sales-form,/content/forms/af/spglobal/ratings/en/forms/marketoforms/res-contact-sales-form,ratings_Customer_Segment__c,data-ratings-role-function-cf-servlet,
ratings,res-contact-sales-form,/content/forms/af/spglobal/ratings/en/forms/marketoforms/res-contact-sales-form,ratings_Sector_Expertise__c,data-ratings-sector-expertise-cf-servlet,
ratings,spo-contact-sales-form,/content/forms/af/spglobal/ratings/en/forms/marketoforms/spo-contact-sales-form,ratings_country,data-ratings-country-state-cf-servlet,
ratings,spo-contact-sales-form,/content/forms/af/spglobal/ratings/en/forms/marketoforms/spo-contact-sales-form,ratings_Customer_Employer_Type__c,data-ratings-institution-type-cf-servlet,
ratings,spo-contact-sales-form,/content/forms/af/spglobal/ratings/en/forms/marketoforms/spo-contact-sales-form,ratings_Customer_Segment__c,data-ratings-role-function-cf-servlet,
ratings,spo-contact-sales-form,/content/forms/af/spglobal/ratings/en/forms/marketoforms/spo-contact-sales-form,ratings_Sector_Expertise__c,data-ratings-sector-expertise-cf-servlet,
ratings,nsr-contact-sales-form,/content/forms/af/spglobal/ratings/es/form-fragments/marketoformsfragments/nsr-contact-sales-form,ratings_country,data-ratings-country-state-cf-servlet,
ratings,nsr-contact-sales-form,/content/forms/af/spglobal/ratings/es/form-fragments/marketoformsfragments/nsr-contact-sales-form,ratings_Customer_Employer_Type__c,data-ratings-institution-type-cf-servlet,
ratings,nsr-contact-sales-form,/content/forms/af/spglobal/ratings/es/form-fragments/marketoformsfragments/nsr-contact-sales-form,ratings_Customer_Segment__c,data-ratings-role-function-cf-servlet,
ratings,nsr-contact-sales-form,/content/forms/af/spglobal/ratings/es/form-fragments/marketoformsfragments/nsr-contact-sales-form,ratings_Sector_Expertise__c,data-ratings-sector-expertise-cf-servlet,
ratings,personal-info,/content/forms/af/spglobal/ratings/es/form-fragments/marketoformsfragments/personal-info,ratings_country,data-ratings-country-state-cf-servlet,
ratings,personal-info,/content/forms/af/spglobal/ratings/es/form-fragments/marketoformsfragments/personal-info,ratings_Customer_Segment__c,data-ratings-role-function-cf-servlet,
ratings,personal-info,/content/forms/af/spglobal/ratings/es/form-fragments/marketoformsfragments/personal-info,ratings_Sector_Expertise__c,data-ratings-sector-expertise-cf-servlet,
ratings,registration,/content/forms/af/spglobal/ratings/es/form-fragments/marketoformsfragments/registration,ratings_country,data-ratings-country-state-cf-servlet,
ratings,registration,/content/forms/af/spglobal/ratings/es/form-fragments/marketoformsfragments/registration,ratings_Customer_Segment,data-ratings-role-function-cf-servlet,
ratings,registration,/content/forms/af/spglobal/ratings/es/form-fragments/marketoformsfragments/registration,ratings_Sector_Expertise__c,data-ratings-sector-expertise-cf-servlet,
ratings,personal-info,/content/forms/af/spglobal/ratings/es/form-fragments/personal-info,ratings_country,data-ratings-country-state-cf-servlet,
ratings,personal-info,/content/forms/af/spglobal/ratings/es/form-fragments/personal-info,ratings_Customer_Expertise,data-ratings-sector-expertise-cf-servlet,
ratings,personal-info,/content/forms/af/spglobal/ratings/es/form-fragments/personal-info,ratings_Customer_Segment,data-ratings-role-function-cf-servlet,
ratings,registration,/content/forms/af/spglobal/ratings/es/form-fragments/registration,ratings_country,data-ratings-country-state-cf-servlet,
ratings,registration,/content/forms/af/spglobal/ratings/es/form-fragments/registration,ratings_Customer_Expertise,data-ratings-sector-expertise-cf-servlet,
ratings,registration,/content/forms/af/spglobal/ratings/es/form-fragments/registration,ratings_Customer_Segment,data-ratings-role-function-cf-servlet,
ratings,contact-sales-form,/content/forms/af/spglobal/ratings/es/forms/contact-sales-form,ratings_country,data-ratings-country-state-cf-servlet,
ratings,contact-sales-form,/content/forms/af/spglobal/ratings/es/forms/contact-sales-form,ratings_Customer_Employer_Type,data-ratings-institution-type-cf-servlet,
ratings,contact-sales-form,/content/forms/af/spglobal/ratings/es/forms/contact-sales-form,ratings_Customer_Expertise,data-ratings-sector-expertise-cf-servlet,
ratings,contact-sales-form,/content/forms/af/spglobal/ratings/es/forms/contact-sales-form,ratings_Customer_Segment,data-ratings-role-function-cf-servlet,
ratings,contact-sales-form,/content/forms/af/spglobal/ratings/es/forms/marketoforms/contact-sales-form,ratings_country,data-ratings-country-state-cf-servlet,
ratings,contact-sales-form,/content/forms/af/spglobal/ratings/es/forms/marketoforms/contact-sales-form,ratings_Customer_Employer_Type__c,data-ratings-institution-type-cf-servlet,
ratings,contact-sales-form,/content/forms/af/spglobal/ratings/es/forms/marketoforms/contact-sales-form,ratings_Customer_Segment__c,data-ratings-role-function-cf-servlet,
ratings,contact-sales-form,/content/forms/af/spglobal/ratings/es/forms/marketoforms/contact-sales-form,ratings_Sector_Expertise__c,data-ratings-sector-expertise-cf-servlet,
ratings,nsr-contact-sales-form,/content/forms/af/spglobal/ratings/es/forms/marketoforms/nsr-contact-sales-form,ratings_country,data-ratings-country-state-cf-servlet,
ratings,nsr-contact-sales-form,/content/forms/af/spglobal/ratings/es/forms/marketoforms/nsr-contact-sales-form,ratings_Customer_Employer_Type__c,data-ratings-institution-type-cf-servlet,
ratings,nsr-contact-sales-form,/content/forms/af/spglobal/ratings/es/forms/marketoforms/nsr-contact-sales-form,ratings_Customer_Segment__c,data-ratings-role-function-cf-servlet,
ratings,nsr-contact-sales-form,/content/forms/af/spglobal/ratings/es/forms/marketoforms/nsr-contact-sales-form,ratings_Sector_Expertise__c,data-ratings-sector-expertise-cf-servlet,
ratings,personal-info,/content/forms/af/spglobal/ratings/jp/form-fragments/marketoformsfragments/personal-info,ratings_country,data-ratings-country-state-cf-servlet,
ratings,personal-info,/content/forms/af/spglobal/ratings/jp/form-fragments/marketoformsfragments/personal-info,ratings_Customer_Segment__c,data-ratings-role-function-cf-servlet,
ratings,personal-info,/content/forms/af/spglobal/ratings/jp/form-fragments/marketoformsfragments/personal-info,ratings_Sector_Expertise__c,data-ratings-sector-expertise-cf-servlet,
ratings,registration,/content/forms/af/spglobal/ratings/jp/form-fragments/marketoformsfragments/registration,ratings_country,data-ratings-country-state-cf-servlet,
ratings,registration,/content/forms/af/spglobal/ratings/jp/form-fragments/marketoformsfragments/registration,ratings_Customer_Segment__c,data-ratings-role-function-cf-servlet,
ratings,registration,/content/forms/af/spglobal/ratings/jp/form-fragments/marketoformsfragments/registration,ratings_Sector_Expertise__c,data-ratings-sector-expertise-cf-servlet,
ratings,personal-info,/content/forms/af/spglobal/ratings/jp/form-fragments/personal-info,ratings_country,data-ratings-country-state-cf-servlet,
ratings,personal-info,/content/forms/af/spglobal/ratings/jp/form-fragments/personal-info,ratings_Customer_Expertise,data-ratings-sector-expertise-cf-servlet,
ratings,personal-info,/content/forms/af/spglobal/ratings/jp/form-fragments/personal-info,ratings_Customer_Segment,data-ratings-role-function-cf-servlet,
ratings,personal-info-jp,/content/forms/af/spglobal/ratings/jp/form-fragments/personal-info-jp,ratings_country,data-ratings-country-state-cf-servlet,
ratings,personal-info-jp,/content/forms/af/spglobal/ratings/jp/form-fragments/personal-info-jp,ratings_Customer_Expertise,data-ratings-sector-expertise-cf-servlet,
ratings,personal-info-jp,/content/forms/af/spglobal/ratings/jp/form-fragments/personal-info-jp,ratings_Customer_Segment,data-ratings-role-function-cf-servlet,
ratings,registration,/content/forms/af/spglobal/ratings/jp/form-fragments/registration,ratings_country,data-ratings-country-state-cf-servlet,
ratings,registration,/content/forms/af/spglobal/ratings/jp/form-fragments/registration,ratings_Customer_Expertise,data-ratings-sector-expertise-cf-servlet,
ratings,registration,/content/forms/af/spglobal/ratings/jp/form-fragments/registration,ratings_Customer_Segment,data-ratings-role-function-cf-servlet,
ratings,contact-sales-form,/content/forms/af/spglobal/ratings/jp/forms/contact-sales-form,ratings_country,data-ratings-country-state-cf-servlet,
ratings,contact-sales-form,/content/forms/af/spglobal/ratings/jp/forms/contact-sales-form,ratings_Customer_Employer_Type,data-ratings-institution-type-cf-servlet,
ratings,contact-sales-form,/content/forms/af/spglobal/ratings/jp/forms/contact-sales-form,ratings_Customer_Expertise,data-ratings-sector-expertise-cf-servlet,
ratings,contact-sales-form,/content/forms/af/spglobal/ratings/jp/forms/contact-sales-form,ratings_Customer_Segment,data-ratings-role-function-cf-servlet,
ratings,contact-sales-form,/content/forms/af/spglobal/ratings/jp/forms/marketoforms/contact-sales-form,ratings_country,data-ratings-country-state-cf-servlet,
ratings,contact-sales-form,/content/forms/af/spglobal/ratings/jp/forms/marketoforms/contact-sales-form,ratings_Customer_Employer_Type,data-ratings-institution-type-cf-servlet,
ratings,contact-sales-form,/content/forms/af/spglobal/ratings/jp/forms/marketoforms/contact-sales-form,ratings_Customer_Segment__c,data-ratings-role-function-cf-servlet,
ratings,contact-sales-form,/content/forms/af/spglobal/ratings/jp/forms/marketoforms/contact-sales-form,ratings_Sector_Expertise__c,data-ratings-sector-expertise-cf-servlet,
ratings,personal-info,/content/forms/af/spglobal/ratings/pt/form-fragments/marketoformsfragments/personal-info,ratings_country,data-ratings-country-state-cf-servlet,
ratings,personal-info,/content/forms/af/spglobal/ratings/pt/form-fragments/marketoformsfragments/personal-info,ratings_Customer_Segment__c,data-ratings-role-function-cf-servlet,
ratings,personal-info,/content/forms/af/spglobal/ratings/pt/form-fragments/marketoformsfragments/personal-info,ratings_Sector_Expertise__c,data-ratings-sector-expertise-cf-servlet,
ratings,registration,/content/forms/af/spglobal/ratings/pt/form-fragments/marketoformsfragments/registration,ratings_country,data-ratings-country-state-cf-servlet,
ratings,registration,/content/forms/af/spglobal/ratings/pt/form-fragments/marketoformsfragments/registration,ratings_Customer_Segment__c,data-ratings-role-function-cf-servlet,
ratings,registration,/content/forms/af/spglobal/ratings/pt/form-fragments/marketoformsfragments/registration,ratings_Sector_Expertise__c,data-ratings-sector-expertise-cf-servlet,
ratings,personal-info,/content/forms/af/spglobal/ratings/pt/form-fragments/personal-info,ratings_country,data-ratings-country-state-cf-servlet,
ratings,personal-info,/content/forms/af/spglobal/ratings/pt/form-fragments/personal-info,ratings_Customer_Expertise,data-ratings-sector-expertise-cf-servlet,
ratings,personal-info,/content/forms/af/spglobal/ratings/pt/form-fragments/personal-info,ratings_Customer_Segment,data-ratings-role-function-cf-servlet,
ratings,registration,/content/forms/af/spglobal/ratings/pt/form-fragments/registration,ratings_country,data-ratings-country-state-cf-servlet,
ratings,registration,/content/forms/af/spglobal/ratings/pt/form-fragments/registration,ratings_Customer_Expertise,data-ratings-sector-expertise-cf-servlet,
ratings,registration,/content/forms/af/spglobal/ratings/pt/form-fragments/registration,ratings_Customer_Segment,data-ratings-role-function-cf-servlet,
ratings,contact-sales-form,/content/forms/af/spglobal/ratings/pt/forms/contact-sales-form,ratings_country,data-ratings-country-state-cf-servlet,
ratings,contact-sales-form,/content/forms/af/spglobal/ratings/pt/forms/contact-sales-form,ratings_Customer_Employer_Type,data-ratings-institution-type-cf-servlet,
ratings,contact-sales-form,/content/forms/af/spglobal/ratings/pt/forms/contact-sales-form,ratings_Customer_Expertise,data-ratings-sector-expertise-cf-servlet,
ratings,contact-sales-form,/content/forms/af/spglobal/ratings/pt/forms/contact-sales-form,ratings_Customer_Segment,data-ratings-role-function-cf-servlet,
ratings,contact-sales-form,/content/forms/af/spglobal/ratings/pt/forms/marketoforms/contact-sales-form,ratings_country,data-ratings-country-state-cf-servlet,
ratings,contact-sales-form,/content/forms/af/spglobal/ratings/pt/forms/marketoforms/contact-sales-form,ratings_Customer_Employer_Type__c,data-ratings-institution-type-cf-servlet,
ratings,contact-sales-form,/content/forms/af/spglobal/ratings/pt/forms/marketoforms/contact-sales-form,ratings_Customer_Segment__c,data-ratings-role-function-cf-servlet,
ratings,contact-sales-form,/content/forms/af/spglobal/ratings/pt/forms/marketoforms/contact-sales-form,ratings_Sector_Expertise__c,data-ratings-sector-expertise-cf-servlet,
ratings,personal-info,/content/forms/af/spglobal/ratings/ru/form-fragments/marketoformsfragments/personal-info,ratings_country,data-ratings-country-state-cf-servlet,
ratings,personal-info,/content/forms/af/spglobal/ratings/ru/form-fragments/marketoformsfragments/personal-info,ratings_Customer_Segment__c,data-ratings-role-function-cf-servlet,
ratings,personal-info,/content/forms/af/spglobal/ratings/ru/form-fragments/marketoformsfragments/personal-info,ratings_Sector_Expertise__c,data-ratings-sector-expertise-cf-servlet,
ratings,registration,/content/forms/af/spglobal/ratings/ru/form-fragments/marketoformsfragments/registration,ratings_country,data-ratings-country-state-cf-servlet,
ratings,registration,/content/forms/af/spglobal/ratings/ru/form-fragments/marketoformsfragments/registration,ratings_Customer_Segment__c,data-ratings-role-function-cf-servlet,
ratings,registration,/content/forms/af/spglobal/ratings/ru/form-fragments/marketoformsfragments/registration,ratings_Sector_Expertise__c,data-ratings-sector-expertise-cf-servlet,
ratings,personal-info,/content/forms/af/spglobal/ratings/ru/form-fragments/personal-info,ratings_country,data-ratings-country-state-cf-servlet,
ratings,personal-info,/content/forms/af/spglobal/ratings/ru/form-fragments/personal-info,ratings_Customer_Expertise,data-ratings-sector-expertise-cf-servlet,
ratings,personal-info,/content/forms/af/spglobal/ratings/ru/form-fragments/personal-info,ratings_Customer_Segment,data-ratings-role-function-cf-servlet,
ratings,registration,/content/forms/af/spglobal/ratings/ru/form-fragments/registration,ratings_country,data-ratings-country-state-cf-servlet,
ratings,registration,/content/forms/af/spglobal/ratings/ru/form-fragments/registration,ratings_Customer_Expertise,data-ratings-sector-expertise-cf-servlet,
ratings,registration,/content/forms/af/spglobal/ratings/ru/form-fragments/registration,ratings_Customer_Segment,data-ratings-role-function-cf-servlet,
ratings,contact-sales-form,/content/forms/af/spglobal/ratings/ru/forms/contact-sales-form,ratings_country,data-ratings-country-state-cf-servlet,
ratings,contact-sales-form,/content/forms/af/spglobal/ratings/ru/forms/contact-sales-form,ratings_Customer_Employer_Type,data-ratings-institution-type-cf-servlet,
ratings,contact-sales-form,/content/forms/af/spglobal/ratings/ru/forms/contact-sales-form,ratings_Customer_Expertise,data-ratings-sector-expertise-cf-servlet,
ratings,contact-sales-form,/content/forms/af/spglobal/ratings/ru/forms/contact-sales-form,ratings_Customer_Segment,data-ratings-role-function-cf-servlet,
ratings,contact-sales-form,/content/forms/af/spglobal/ratings/ru/forms/marketoforms/contact-sales-form,ratings_country,data-ratings-country-state-cf-servlet,
ratings,contact-sales-form,/content/forms/af/spglobal/ratings/ru/forms/marketoforms/contact-sales-form,ratings_Customer_Employer_Type__c,data-ratings-institution-type-cf-servlet,
ratings,contact-sales-form,/content/forms/af/spglobal/ratings/ru/forms/marketoforms/contact-sales-form,ratings_Customer_Segment__c,data-ratings-role-function-cf-servlet,
ratings,contact-sales-form,/content/forms/af/spglobal/ratings/ru/forms/marketoforms/contact-sales-form,ratings_Sector_Expertise__c,data-ratings-sector-expertise-cf-servlet,
sustainable1,name-email-company-phone-address,/content/forms/af/spglobal/sustainable1/en/form-fragments/name-email-company-phone-address,sustainable1_Country,data-ci-country-states-cf-servlet,